Workbook
Name Types_Display: 'Lookups_Types'!$C$2:$C$3
Name Categories_Display_All: 'Lookups_Categories'!$D$2:$D$4
Name Categories_Type_1: 'Lookups_Categories'!$D$2:$D$3
Name Categories_Type_2: 'Lookups_Categories'!$D$4:$D$4
Name Subcategories_Display_All: 'Lookups_Subcategories'!$D$2:$D$5
Name Subcategories_Category_5: 'Lookups_Subcategories'!$D$2:$D$3
Name Subcategories_Category_6: 'Lookups_Subcategories'!$D$4:$D$4
Name Subcategories_Category_7: 'Lookups_Subcategories'!$D$5:$D$5
Name QuestionKinds_Display: 'Lookups_QuestionKinds'!$D$2:$D$6

Sheet Instructions
A1: Khararif — Questions bulk import (EXAMPLE TEMPLATE)
A3: Purpose: Review column layout and Excel dropdowns before building the import API.
A4: Lookup sheets use SAMPLE data (IDs 1–2, 5–7, 10–13). Replace with live data from your DB when implementing import.
A6: Sheet "Questions":
A7: • type_display / category_display / subcategory_display — pick from dropdown (label + ID in brackets).
A8: • type_id / category_id / subcategory_id — auto-filled via XLOOKUP (Excel 365+); importer should read these columns.
A9: • category dropdown depends on type_id; subcategory dropdown depends on category_id.
A10: • question_kind_display — dropdown; question_kind is auto-filled.
A11: • Exactly ONE of is_correct_1..4 must be TRUE (or 1 / yes).
A12: • word — required when question_kind = words (letters separated by spaces).
A13: • status — 1 = active, 0 = inactive.
A14: • Media (image, voice, video, stage videos) are NOT in this template — attach after import.
A16: Regenerate: php artisan questions:generate-import-template

Sheet Lookups_Types
A1: id | B1: name | C1: display
A2: 1 | B2: General Knowledge | C2: General Knowledge [1]
A3: 2 | B3: Sports | C3: Sports [2]

Sheet Lookups_Categories
A1: id | B1: name | C1: type_id | D1: display
A2: 5 | B2: History | C2: 1 | D2: History [5]
A3: 6 | B3: Science | C3: 1 | D3: Science [6]
A4: 7 | B4: Football | C4: 2 | D4: Football [7]

Sheet Lookups_Subcategories
A1: id | B1: name | C1: category_id | D1: display
A2: 10 | B2: Ancient | C2: 5 | D2: Ancient [10]
A3: 11 | B3: Modern | C3: 5 | D3: Modern [11]
A4: 12 | B4: Physics | C4: 6 | D4: Physics [12]
A5: 13 | B5: Leagues | C5: 7 | D5: Leagues [13]

Sheet Lookups_QuestionKinds
A1: value | B1: label_en | C1: label_ar | D1: display
A2: normal | B2: Normal | C2: عادي | D2: Normal (عادي) [normal]
A3: words | B3: Words | C3: كلمات | D3: Words (كلمات) [words]
A4: voice | B4: Voice | C4: صوت | D4: Voice (صوت) [voice]
A5: video | B5: Video | C5: فيديو | D5: Video (فيديو) [video]
A6: image | B6: Image | C6: صورة | D6: Image (صورة) [image]

Sheet Questions
A1: type_display | B1: type_id | C1: category_display | D1: category_id | E1: subcategory_display | F1: subcategory_id | G1: name | H1: question_kind_display | I1: question_kind | J1: word | K1: answer_1 | L1: is_correct_1 | M1: answer_2 | N1: is_correct_2 | O1: answer_3 | P1: is_correct_3 | Q1: answer_4 | R1: is_correct_4 | S1: status
A2: General Knowledge [1] | B2: =IFERROR(_xlfn.XLOOKUP(A2,Lookups_Types!$C$2:$C$100,Lookups_Types!$A$2:$A$100,""),"") -> 1 | C2: History [5] | D2: =IFERROR(_xlfn.XLOOKUP(C2,Lookups_Categories!$D$2:$D$200,Lookups_Categories!$A$2:$A$200,""),"") -> 5 | E2: Ancient [10] | F2: =IFERROR(_xlfn.XLOOKUP(E2,Lookups_Subcategories!$D$2:$D$200,Lookups_Subcategories!$A$2:$A$200,""),"") -> 10 | G2: In which year did World War II end? | H2: Normal (عادي) [normal] | I2: =IFERROR(_xlfn.XLOOKUP(H2,Lookups_QuestionKinds!$D$2:$D$20,Lookups_QuestionKinds!$A$2:$A$20,""),"") -> normal | K2: 1943 | L2: FALSE | M2: 1945 | N2: TRUE | O2: 1950 | P2: FALSE | Q2: 1939 | R2: FALSE | S2: 1
A3: Sports [2] | B3: =IFERROR(_xlfn.XLOOKUP(A3,Lookups_Types!$C$2:$C$100,Lookups_Types!$A$2:$A$100,""),"") -> 2 | C3: Football [7] | D3: =IFERROR(_xlfn.XLOOKUP(C3,Lookups_Categories!$D$2:$D$200,Lookups_Categories!$A$2:$A$200,""),"") -> 7 | E3: Leagues [13] | F3: =IFERROR(_xlfn.XLOOKUP(E3,Lookups_Subcategories!$D$2:$D$200,Lookups_Subcategories!$A$2:$A$200,""),"") -> 13 | G3: Spell the word (example words kind) | H3: Words (كلمات) [words] | I3: =IFERROR(_xlfn.XLOOKUP(H3,Lookups_QuestionKinds!$D$2:$D$20,Lookups_QuestionKinds!$A$2:$A$20,""),"") -> words | J3: ك ر ة | K3: Option A | L3: FALSE | M3: Option B | N3: TRUE | O3: Option C | P3: FALSE | Q3: Option D | R3: FALSE | S3: 1
B4: =IFERROR(_xlfn.XLOOKUP(A4,Lookups_Types!$C$2:$C$100,Lookups_Types!$A$2:$A$100,""),"") -> 0 | D4: =IFERROR(_xlfn.XLOOKUP(C4,Lookups_Categories!$D$2:$D$200,Lookups_Categories!$A$2:$A$200,""),"") -> 0 | F4: =IFERROR(_xlfn.XLOOKUP(E4,Lookups_Subcategories!$D$2:$D$200,Lookups_Subcategories!$A$2:$A$200,""),"") -> 0 | I4: =IFERROR(_xlfn.XLOOKUP(H4,Lookups_QuestionKinds!$D$2:$D$20,Lookups_QuestionKinds!$A$2:$A$20,""),"") -> 0
B5: =IFERROR(_xlfn.XLOOKUP(A5,Lookups_Types!$C$2:$C$100,Lookups_Types!$A$2:$A$100,""),"") -> 0 | D5: =IFERROR(_xlfn.XLOOKUP(C5,Lookups_Categories!$D$2:$D$200,Lookups_Categories!$A$2:$A$200,""),"") -> 0 | F5: =IFERROR(_xlfn.XLOOKUP(E5,Lookups_Subcategories!$D$2:$D$200,Lookups_Subcategories!$A$2:$A$200,""),"") -> 0 | I5: =IFERROR(_xlfn.XLOOKUP(H5,Lookups_QuestionKinds!$D$2:$D$20,Lookups_QuestionKinds!$A$2:$A$20,""),"") -> 0
B6: =IFERROR(_xlfn.XLOOKUP(A6,Lookups_Types!$C$2:$C$100,Lookups_Types!$A$2:$A$100,""),"") -> 0 | D6: =IFERROR(_xlfn.XLOOKUP(C6,Lookups_Categories!$D$2:$D$200,Lookups_Categories!$A$2:$A$200,""),"") -> 0 | F6: =IFERROR(_xlfn.XLOOKUP(E6,Lookups_Subcategories!$D$2:$D$200,Lookups_Subcategories!$A$2:$A$200,""),"") -> 0 | I6: =IFERROR(_xlfn.XLOOKUP(H6,Lookups_QuestionKinds!$D$2:$D$20,Lookups_QuestionKinds!$A$2:$A$20,""),"") -> 0
B7: =IFERROR(_xlfn.XLOOKUP(A7,Lookups_Types!$C$2:$C$100,Lookups_Types!$A$2:$A$100,""),"") -> 0 | D7: =IFERROR(_xlfn.XLOOKUP(C7,Lookups_Categories!$D$2:$D$200,Lookups_Categories!$A$2:$A$200,""),"") -> 0 | F7: =IFERROR(_xlfn.XLOOKUP(E7,Lookups_Subcategories!$D$2:$D$200,Lookups_Subcategories!$A$2:$A$200,""),"") -> 0 | I7: =IFERROR(_xlfn.XLOOKUP(H7,Lookups_QuestionKinds!$D$2:$D$20,Lookups_QuestionKinds!$A$2:$A$20,""),"") -> 0
B8: =IFERROR(_xlfn.XLOOKUP(A8,Lookups_Types!$C$2:$C$100,Lookups_Types!$A$2:$A$100,""),"") -> 0 | D8: =IFERROR(_xlfn.XLOOKUP(C8,Lookups_Categories!$D$2:$D$200,Lookups_Categories!$A$2:$A$200,""),"") -> 0 | F8: =IFERROR(_xlfn.XLOOKUP(E8,Lookups_Subcategories!$D$2:$D$200,Lookups_Subcategories!$A$2:$A$200,""),"") -> 0 | I8: =IFERROR(_xlfn.XLOOKUP(H8,Lookups_QuestionKinds!$D$2:$D$20,Lookups_QuestionKinds!$A$2:$A$20,""),"") -> 0
B9: =IFERROR(_xlfn.XLOOKUP(A9,Lookups_Types!$C$2:$C$100,Lookups_Types!$A$2:$A$100,""),"") -> 0 | D9: =IFERROR(_xlfn.XLOOKUP(C9,Lookups_Categories!$D$2:$D$200,Lookups_Categories!$A$2:$A$200,""),"") -> 0 | F9: =IFERROR(_xlfn.XLOOKUP(E9,Lookups_Subcategories!$D$2:$D$200,Lookups_Subcategories!$A$2:$A$200,""),"") -> 0 | I9: =IFERROR(_xlfn.XLOOKUP(H9,Lookups_QuestionKinds!$D$2:$D$20,Lookups_QuestionKinds!$A$2:$A$20,""),"") -> 0
B10: =IFERROR(_xlfn.XLOOKUP(A10,Lookups_Types!$C$2:$C$100,Lookups_Types!$A$2:$A$100,""),"") -> 0 | D10: =IFERROR(_xlfn.XLOOKUP(C10,Lookups_Categories!$D$2:$D$200,Lookups_Categories!$A$2:$A$200,""),"") -> 0 | F10: =IFERROR(_xlfn.XLOOKUP(E10,Lookups_Subcategories!$D$2:$D$200,Lookups_Subcategories!$A$2:$A$200,""),"") -> 0 | I10: =IFERROR(_xlfn.XLOOKUP(H10,Lookups_QuestionKinds!$D$2:$D$20,Lookups_QuestionKinds!$A$2:$A$20,""),"") -> 0
B11: =IFERROR(_xlfn.XLOOKUP(A11,Lookups_Types!$C$2:$C$100,Lookups_Types!$A$2:$A$100,""),"") -> 0 | D11: =IFERROR(_xlfn.XLOOKUP(C11,Lookups_Categories!$D$2:$D$200,Lookups_Categories!$A$2:$A$200,""),"") -> 0 | F11: =IFERROR(_xlfn.XLOOKUP(E11,Lookups_Subcategories!$D$2:$D$200,Lookups_Subcategories!$A$2:$A$200,""),"") -> 0 | I11: =IFERROR(_xlfn.XLOOKUP(H11,Lookups_QuestionKinds!$D$2:$D$20,Lookups_QuestionKinds!$A$2:$A$20,""),"") -> 0
B12: =IFERROR(_xlfn.XLOOKUP(A12,Lookups_Types!$C$2:$C$100,Lookups_Types!$A$2:$A$100,""),"") -> 0 | D12: =IFERROR(_xlfn.XLOOKUP(C12,Lookups_Categories!$D$2:$D$200,Lookups_Categories!$A$2:$A$200,""),"") -> 0 | F12: =IFERROR(_xlfn.XLOOKUP(E12,Lookups_Subcategories!$D$2:$D$200,Lookups_Subcategories!$A$2:$A$200,""),"") -> 0 | I12: =IFERROR(_xlfn.XLOOKUP(H12,Lookups_QuestionKinds!$D$2:$D$20,Lookups_QuestionKinds!$A$2:$A$20,""),"") -> 0
B13: =IFERROR(_xlfn.XLOOKUP(A13,Lookups_Types!$C$2:$C$100,Lookups_Types!$A$2:$A$100,""),"") -> 0 | D13: =IFERROR(_xlfn.XLOOKUP(C13,Lookups_Categories!$D$2:$D$200,Lookups_Categories!$A$2:$A$200,""),"") -> 0 | F13: =IFERROR(_xlfn.XLOOKUP(E13,Lookups_Subcategories!$D$2:$D$200,Lookups_Subcategories!$A$2:$A$200,""),"") -> 0 | I13: =IFERROR(_xlfn.XLOOKUP(H13,Lookups_QuestionKinds!$D$2:$D$20,Lookups_QuestionKinds!$A$2:$A$20,""),"") -> 0
B14: =IFERROR(_xlfn.XLOOKUP(A14,Lookups_Types!$C$2:$C$100,Lookups_Types!$A$2:$A$100,""),"") -> 0 | D14: =IFERROR(_xlfn.XLOOKUP(C14,Lookups_Categories!$D$2:$D$200,Lookups_Categories!$A$2:$A$200,""),"") -> 0 | F14: =IFERROR(_xlfn.XLOOKUP(E14,Lookups_Subcategories!$D$2:$D$200,Lookups_Subcategories!$A$2:$A$200,""),"") -> 0 | I14: =IFERROR(_xlfn.XLOOKUP(H14,Lookups_QuestionKinds!$D$2:$D$20,Lookups_QuestionKinds!$A$2:$A$20,""),"") -> 0
B15: =IFERROR(_xlfn.XLOOKUP(A15,Lookups_Types!$C$2:$C$100,Lookups_Types!$A$2:$A$100,""),"") -> 0 | D15: =IFERROR(_xlfn.XLOOKUP(C15,Lookups_Categories!$D$2:$D$200,Lookups_Categories!$A$2:$A$200,""),"") -> 0 | F15: =IFERROR(_xlfn.XLOOKUP(E15,Lookups_Subcategories!$D$2:$D$200,Lookups_Subcategories!$A$2:$A$200,""),"") -> 0 | I15: =IFERROR(_xlfn.XLOOKUP(H15,Lookups_QuestionKinds!$D$2:$D$20,Lookups_QuestionKinds!$A$2:$A$20,""),"") -> 0
... B500: =IFERROR(_xlfn.XLOOKUP(A500,Lookups_Types!$C$2:$C$100,Lookups_Types!$A$2:$A$100,""),"") -> 0 | D500: =IFERROR(_xlfn.XLOOKUP(C500,Lookups_Categories!$D$2:$D$200,Lookups_Categories!$A$2:$A$200,""),"") -> 0 | F500: =IFERROR(_xlfn.XLOOKUP(E500,Lookups_Subcategories!$D$2:$D$200,Lookups_Subcategories!$A$2:$A$200,""),"") -> 0 | I500: =IFERROR(_xlfn.XLOOKUP(H500,Lookups_QuestionKinds!$D$2:$D$20,Lookups_QuestionKinds!$A$2:$A$20,""),"") -> 0
